source_row,text,sentiment,reviews.rating,vader_score,roberta_score,Majority baseline,VADER,RoBERTa,has_negation
3200,"Very good hotel, but the close proximity to the toll highway made it a little on the noisy side. ps Why does Chicago, or is it Illinois, charge 1.90 for the toll road and not 2.00 Just seemed odd to someone from a land with no toll roads.",positive,4.0,-0.6495,0.3748471736907959,positive,negative,positive,True
1008,Bad: Expensive. Adding tha taxes become heavy. Good: New age. Excellant service,positive,4.8,-0.1531,0.2106083482503891,positive,negative,negative,False
3188,"Very well positioned hotel, everything is close by",positive,5.0,0.3384,0.9966865181922913,positive,negative,positive,False
4242,"They were very friendly when I booked my 246.00 with tax a night kitchenette room for that price you would expect a nice room. NOT!!! Room was very run down and walked into the bathroom and see roaches, totally grossed us out. I should have looked at other reviews before I took the room to see other people complaining about... More",negative,1.0,0.6884,0.03686915338039398,positive,positive,negative,True
5340,"This hotel gets the job done. It gives you a place to sleep... that is, unless the staff decide to give your room to someone else, like they did during my stay. Imagine my surprise as I lounged on the bed with my fiance watching TV when someone unlocked our room door and walked in with her luggage! Of course that meant we had to reset our keys. The hotel also gives you a decent breakfast the night after your stay. Unfortunately each of the juice containers dispense juice along with black residue that settles in the bottom of your cup, so you'll probably want to stick with one of the two hot tea options. Try to get a room on the upper floors, as there was a religious concert of some sort complete with electric guitars and full drum set on the bottom floor at 8:30 am Sunday morning. If you're trying to relax in your room after waking up, beware that it might not be that tranquil as the cleaning women yell at each other down the hallway for about 45 mins-1 hr as they clean your floor.",negative,2.0,0.818,0.49201762676239014,positive,positive,positive,True
902,Bad: Choice firmer pillows!. Good: Location +++ Unfussed arrangement of hotel facilities Value for money Helpful staff,positive,4.4,0.5983,0.29687756299972534,positive,positive,negative,False
590,"Bad: check-in line was slow. Good: Parking was very convenient, partly because we drove a hybrid and they had special spaces reserved for hybrids.",positive,4.8,0.2732,0.8776835799217224,positive,negative,positive,False
8109,"Stay here as your last option! Oldest motel in Ocean Shores. Not cheap either. My junior suite was 140/night. I think It used to be 2 or 3 different motels that they made into 1 resort. I stayed in the 2-story building. I've never stayed here before so I thought I would try it because they accept pets, but I... More",negative,1.0,0.2714,0.8506887555122375,positive,negative,positive,True
5095,Guest services was amazing. The condition of the hotel left much to be desired.,negative,1.0,0.7096,0.9439542293548584,positive,positive,positive,False
4707,"So, I met my Valentine at the Greyhound Bus station in downtown Pittsburgh, Pa. I was coming back from Cleveland, Ohio. She was on her way to Buffalo, New York. A few months later we went to an Isley Brothers concert at the Civic Arena. We stayed at the hotel across the street, which is now the Marriott City Center.... More",positive,4.0,0.0,0.9934747815132141,positive,negative,positive,False
5377,"Meet my needs for a hotel near the airport. Hotel shuttle to airport convenient, included breakfast available at 5:30 am, room was comfortable and clean. Only problem was the phone did not work and they had no staff to deal with that problem when I arrived at 1 am. The staff did agree to knock on my door in lieu of a wake-up call - which allowed me to make my early morning flight.",positive,4.0,0.2263,0.7247287631034851,positive,negative,positive,True
5832,Convenient location to BART very big room outfitted with kitchette.,positive,4.0,0.0,0.9980812072753906,positive,negative,positive,False
8181,"Rooms are spacious, clean, and staff are excellent. The ONE thing that stood out (unfortunately), was the coffee. I am a coffee drinker. I've had too many brands to count. The coffee used at this hotel is absolutely the worst I have ever had. It has a terrible after-taste, something like 1-part coffee and 1-part dirt from the parking lot.... More",positive,5.0,-0.2449,0.028304092586040497,positive,negative,negative,False
4719,"From the front desk to the maintenance folks, these folks are all about customer service. I identified myself as a night worker when I checked in. Working 13-14 hours per night, the last thing I wanted to do was come to a dirty room or be awakened by the housekeeping a inevitable knock on the door. The staff made sure... More",positive,5.0,-0.4404,0.18919165432453156,positive,negative,negative,False
572,Bad: Not a fan of cigarette smoke. But I guess you can't do anything about it in the gambling area. Silly to charge a resort fee on top of the room charge. Just charge what you need for the room. Good: Very helpful and friendly staff from check in to the valets.,positive,5.0,0.9232,0.22227127850055695,positive,positive,negative,True
3216,Would stay there again.,positive,5.0,0.0,0.9428092837333679,positive,negative,positive,False
2668,"Initially a was quite satisfied with this hotel until checkout time, I proceeded to the room containing the continental breakfast which was miniscule to say the least. I decided against the breakfast and grabbed my cooler. We needed ice for the the rest of the trip. A staff member yelled at me for doing this and said I was not... More",negative,2.0,0.4754,0.1373576521873474,positive,positive,negative,True
4741,The hotel was very clean and was very comfortable. It seems to have been kept up real well. I would've gave this place a higher rating but I felt disrespected by a bald man that serves the breakfast. I went into get breakfast and he was just standing there staring at me. he kept offering me more food and following... More,negative,2.0,-0.0405,0.7201021313667297,positive,negative,positive,False
6952,"Hotel was not prepared for a busy Sunday night, as expressed by front desk staff. Many of us stood around waiting to get our rooms. Not sure how many got the rooms chosen in their on-line check-in. We did not. Took awhile for clerk to acknowledge it Wasn't the room we had chosen. Even though he argued that it was,... More",positive,4.0,-0.6283,0.04383367672562599,positive,negative,negative,True
2619,"If you love trains you will be able to hear them all night long as they blare their horn and roar past the motel! If you're a fan of thin pillows and rock hard beds you are home. On a positive note, the room was clean and the towels were soft. NOT worth 60!",negative,2.0,0.9065,0.9227887988090515,positive,positive,positive,True
9665,Only positives are location and friendly staff. Hotel is a dump and they add a surprise 15 convenience charge on top of everything. You won't see any mention of this charge on your reservation. Lobby has been re-done and looks great but don't be fooled. Elevator area looks like war happened around it. I've seen freight elevators in better condition.... More,negative,2.0,0.8617,0.7411822080612183,positive,positive,positive,True
995,Bad: Dirty windows in the room dirty carpet in hallway and dirty door for service entrance 3 rd floor. Good: The gentleman at reception and the valets,positive,4.15,-0.8519,0.07267967611551285,positive,negative,negative,False
7698,"Very low rent establishment. Old and run down...but what do you want for 55 dollars We arrived, slept, and departed. I did not see any bugs. Old funky bathroom. A cast if characters from a Fellini movie ..",negative,2.0,-0.3597,0.3202257752418518,positive,negative,positive,True
4507,We stayed here on our way to Memphis It suited our needs and we'd stay again. Obviously you'd be in a car to stay here as no restaurants next door but we found plenty 5 mins away. Was a sunny day so we stopped by the pool. Small but suited us as we were the only ones there.,positive,4.0,0.0855,0.9871112704277039,positive,negative,positive,True
2793,"We were referred here after the Comfort Inn, which is apparently owned by the same family, recommended it when they were unable to renew our room there because they were sold out. They said the interiors (not the exteriors) were newly renovated, and that seems to be the case. Our room, which is the one pictured on their site (201)... More",positive,4.0,0.5106,0.15499477088451385,positive,positive,negative,True
8285,"The facility was not bad for the price the room was clean, beds were good and everything worked. The people that stay there however were unpleasant to be around.On day1my girlfriend could not walk out of her room without getting harassed by a gentlemen with his pants on the ground so she had to be escorted every time she left the room. The same group partied till 5a.m. and our room wreaked of the weed smoke from the room next door. Day 2 there were several ferral children running around some naked all unattended while parents chain smoked Pall Malls on the steps. Again the facility was nice ,it was clean and was not bad except for the other guests.",negative,2.0,0.9513,0.7104131579399109,positive,positive,positive,True
8970,"Shower wall had old scum on it. So I took a bath, but not tub plug to stop up the water. Help them room 122.",positive,4.0,0.1901,0.010030735284090042,positive,negative,negative,True
2884,"I was in town for a quick trip to attend a family event, wanted to save money, be near the event, and get sleep and a shower. The hotel staff was friendly, and parking was convenient and included in the room rate. This is a simple, older 2-story walk-up motel with rooms that face the parking lot, that probably hasn't... More",negative,2.0,0.7506,0.9647142291069031,positive,positive,positive,True
6389,I was traveling to the University of Illinois for meetings with faculty and wanted a more convenient hotel than the Hilton Garden Inn. The Hampton is directly across the street from the Beckman Institute. I was able park my car at the hotel and attend all my meetings without driving. I could even walk (1 mile) downtown for dinner. The... More,positive,5.0,0.0,0.9749592542648315,positive,negative,positive,True
8216,"Dirty hotel room floor, the room was inside the building with the windows overlooking the hall and the rooms across the hall (how is this not a fire hazard!!!). The breakfast was cold, self-served a la carte in a dirty hall. Parking structure overcrowded. Awesome location.",negative,2.0,0.2987,0.8185669779777527,positive,negative,positive,True
548,"Bad: Hotel is old, need refurbishment. Good: Value for money",positive,4.15,0.2023,0.07478359341621399,positive,negative,negative,False
967,"Good: No fuss, no hassle, delivers exactly what it says.",positive,5.0,-0.128,0.9652422666549683,positive,negative,positive,True
1999,"Although the hotel was close to MDW, the hotel was pretty old. The carpet in our room was pretty bad, it was sticky and needed immediate replacement. The furniture had seen better days. I didn't think it was worth the money we paid. The hotel certainly needs TLC in many areas to keep it competitive. They were charging 8.50 for breakfast. They could have included that in the price we paid for the room. That is not a big deal but the carpet is. The noise level was also high as it is right next to the main thoroughfare.",negative,2.0,0.6597,0.03897356986999512,positive,positive,negative,True
2713,"The guest service informed me that my service dog would not be able to stay in the handicap accessible room with me. He offered me a pet friendly room, but it was not accessible. (I use a wheelchair so this was an unreasonable option!) He finally contacted a supervisor, who ok'd staying in the accessible room with my dog. Upon entering the room, the room was very tight. It was nearly impossible to maneuver past the bed. As a matter of fact, I didn't. In the bathroom, the toilet sat on the middle of the wall, nothing as far as grab bars. For a customer with balance issues, this makes it hard to toilet independently. It was frustrating that the room is considered to be accessible! I would be happy to consult with you to ensure that rooms are made accessible!",negative,1.0,0.7979,0.06591987609863281,positive,positive,negative,True
1282,break fast is an apology of a breakfast..Even ordinary hotels in third world serve better breakfast..,negative,2.0,0.4767,0.49537980556488037,positive,positive,positive,False
6380,"I called the Best Value Inn in Auburn, ME to inquire about an event taking place there tomorrow and the front desk person who picked up the phone said to call back after 9am tomorrow, yet the event starts at 8am. When I told him this he was extremely rude and told me that this wasn't his problem. I asked... More",negative,1.0,0.6772,0.026821084320545197,positive,positive,negative,True
2735,"This is an upscale, modern hotel with the camaraderie of a hostel. The huge lobby has a giant fireplace, a billiards table, and a full bar, where guests were hanging out and socializing. Our room was attractive but smallish. The only hassle was that they charged for the breakfast on a per-item basis, which was mediocre quality and expensive. However,... More",positive,5.0,0.1154,0.9364283084869385,positive,negative,positive,False
2759,The only complaint that I have was that you couldn't close the thicker curtain so no light came through .. We had a post light from outside shine through our window all night making it hard to sleep,positive,4.0,-0.6669,0.01827993430197239,positive,negative,negative,True
7799,"The hotel was centrally located to where I needed to be. It is about 10-15 minutes from the Scranton Wilkes-Barre airport. The hotel entrance is a bit hidden from the main road. You must make a sharp turn then go up an incline before you see the main building and parking lot. Leaving, use caution as you must turn onto... More",positive,5.0,0.0,0.5117573142051697,positive,negative,positive,False
8617,From the front desk to the room and next day breakfast this place is first class. It is crowded due to being the homebase of Cox Cable employees - so book ahead! Just off 680 on the west side - you can get to anywhere in Omaha from here quick.,positive,5.0,0.0,0.9855318665504456,positive,negative,positive,False
3886,"my family and i visited my nephew who is in school in winchester, va. the receptionist at the desk called me to make sure that i requested a smoking room. (i had) she was concerned that i get the room i wanted because of the apple festival. after having had many negative experiences with smoking rooms, i was afraid that... More",positive,5.0,0.2023,0.04307669401168823,positive,negative,negative,False
8310,"This hotel was very nice - I had read some of the reviews previously - and was a bit leery to stay here - boy was I wrong! Check in was a slow process - there were a about four people ahead of us, however the line moved quickly. We asked for King upgrade - if they had any and... More",positive,5.0,-0.077,0.9764605164527893,positive,negative,positive,False
2458,"We stayed here for two nights on our way to Orlando. Abundant, tasty breakfasts, modern rooms with cable and wifi, friendly staff, free and easy parking but a very poor gym with out-of-order equipment.",positive,4.0,-0.1001,0.8671249747276306,positive,negative,positive,False
7228,"Everything was great... Location, room, pool, staff... Highly recommended",positive,5.0,0.2716,0.9984488487243652,positive,negative,positive,False
3570,Well laid out floor plan. Comfy and roomy. Shower water pressure was a little low for me but well designed bathroom. Would stay here again. Cheaper parking 1/2 block away(4 on weekends).,positive,4.0,-0.3926,0.9948917627334595,positive,negative,positive,False
3712,"Bad: Heat wasn't working properly in our room, had it up to 80 degrees and had to use extra blankets when sitting on couch and sleeping. Good: Staff was very accommodating",positive,4.4,-0.1531,0.21097353100776672,positive,negative,negative,True
5856,"Pleasant check in, room.smelled.like stale smoke, a few dead bugs on the Floor and had to go through a swarm.to enter the room. There were red stains on.the door that seemed odd..dead bugs Building is fairly.dated but room was updated except.for the bed condition. It was not comfortable at all. The shower was good, hot and strong. Breakfast was very nice and goes until 10am. they needed more seating though for guests. Not a bad hotel..would.probably choose a different one next time.",negative,2.0,0.9211,0.75392085313797,positive,positive,positive,True
3631,Bad: The eggs was nasty.,positive,5.0,-0.7964,0.005080817732959986,positive,negative,negative,False
9832,Pictures must've been old. I got what I paid for....somewhere to lay my head and shower late at night from long drive. Only good thing is they put us where it was quieter. Stairwell and walkways were not renovated and smelled like urine.,negative,1.0,0.6597,0.39367154240608215,positive,positive,positive,True
9649,"This motel is definitely not a 3* resort so make sure you know that before booking a room at the Baymont Inn and Suites. The place is pretty shabby and rundown. The room I had needed to be updated -as the sheets were dingy, and the bathtub was old and rusty. The breakfast was so nasty that I had to... More",negative,2.0,0.4333,0.007965798489749432,positive,positive,negative,True
9224,Pool was closed to early 9p.m. It was hot wanted to cool down.,negative,2.0,0.3182,0.717560887336731,positive,negative,positive,False
3296,"All was fine, but there was an unpleasant odor in the comforters and new sheets which permeated the room.",positive,4.0,-0.2382,0.0806138664484024,positive,negative,negative,False
3135,"The room was very small, to have a full and queen size bed in it. And I clean home for a living and the bath room needs really down to using a tooth brush around the tub and floor, and I took the empty toilet paper roll out to put in the new one and the dirt I saw behind that empty roll was bad I left it out so the house keeper would see the dirt and what ever else was in there. And another chair in the room would be nice, a person can only set on the bed for just a little while then the back hurts.",negative,2.0,-0.8176,0.3972351849079132,positive,negative,positive,False
3103,"There were four people staying in the room. Only had 3 sets of towels. Told the front desk, they said housekeeping would bring another set. Never happened. Saw 1 person from housekeeping in the hall way. I asked for towels, she pointed to her cart down the hall and told me to get my own. Very rude. Also only 1 bench in front for you to be able to go have a cigarette. Could never sit and relax.",positive,4.0,-0.6907,0.015704918652772903,positive,negative,negative,True
8539,"the room/bath was clean and airy, price OK (late March) and free breakfast fine. we had some room mechanical problems (door lock, heater cover) but they were fixed. We toured Butte homse and mining and needed a quiet place to collapse at night - this place fit the need.",positive,4.0,0.3541,0.9688730239868164,positive,negative,positive,False
9831,"Had to make a last minute reservation to be in Cincinnati, Ohio overnight for an emergency. Needed to be close to the hospital so we booked the Springhill Suites Cincinnati Midtown. I was concerned about it being noisy because of how close it was to the road but the glass in our room was sound proof! Yes, sound proof! No... More",positive,5.0,0.4559,0.26718130707740784,positive,positive,negative,True
1882,"the room is very nice. It's very modern and a bit on the side of a luxurious room. there's a Keurig Coffee machine. The room is relatively small, but I would say this is norm for downtown Chicago. I'm paying maybe 170/night before taxes and fees.",positive,4.0,0.2609,0.9957336783409119,positive,negative,positive,False
5951,I was very pleased with this hotel. will certainly stay here again. very convenient location to USC and the Staples Center in a nice hotel with exorbitant costs. free shuttle and parking a huge plus in this area. neighborhood is not amazing but where is in LA I didn't think neighborhood was as bad as many guests.,positive,5.0,-0.0745,0.9895740151405334,positive,negative,positive,True
26,After getting the bait and switch I decided I'd rather stay anywhere else. I'm sure I wasnt missing much as it looks like project style crack house apartments. The front desk (old middle eastern lady) was extremely rude and up charged me 50 when I got there! I travel and stay in hotels 250 days/ year and trust me this... More,negative,1.0,0.6354,0.13878311216831207,positive,positive,negative,False
8012,the staff need to be better to that stay there and need to go out of there way to help you and they dont. air filter was very dirty and bed was just ok pool was very cold and it was very hot out and they where cleaning it when we got there so we had to get in a... More,negative,2.0,0.5584,0.06766948103904724,positive,positive,negative,False
6964,I was here for a school trip to Louisville with a group of students. They were overall pretty accommodating of us at the Galt House but there were some minor logistical problems. The elevators didn't always work and we often had to walk several flights of stairs to get back to the room. The cafe tried to have a streamlined... More,positive,4.0,-0.3506,0.18306079506874084,positive,negative,negative,True
3532,One night stay near BWI airport which was fine for what it was.,positive,4.0,0.2023,0.993529736995697,positive,negative,positive,False
4036,Our flight was cancelled due to the Southwest computer debacle of July 2016 so we needed to find rooms with very little notice. Fortunately the Hampton Inn Suites Denver/Airport-Gateway Park had space for us. After I returned our rental car Hampton sent a very luxurious shuttle bus to pick me up at the airport. The hotel was within convenient... More,positive,5.0,-0.25,0.8093138337135315,positive,negative,positive,False
3822,Bad: Nothing. Good: Beautiful and romantic,positive,5.0,-0.747,0.6630833745002747,positive,negative,positive,False
9685,We stayed in this hotel with 2 rooms and 3 bathrooms.One balcony in the first floor. No hastle with meeting or offerings of timesharing. It has one medium pool and a jacuzzi. You can also be playing some tennis. You can also BBQ if you like grilling. The only problem was internet. Too slow and at night very difficult to... More,positive,4.0,-0.5256,0.18910473585128784,positive,negative,negative,True
5755,This hotel is convenient to the metro and only a four stops from downtown Washington. It has limited shuttle service to the metro as well. My wife and I will use it again as a good alternative to the high-priced hotels downtown when feasible.,positive,5.0,0.3612,0.9975799322128296,positive,negative,positive,False
2745,"I travel alot on business and go back to the same places often and have a hotel that I think is good so stick with it. Well this time I went on trip advisor first, so this hotel was 1 and decided to give it a try. What can i say but it was a totally different experience. The hotel... More",positive,5.0,0.3612,0.9469025731086731,positive,negative,positive,False
563,Bad: No bathroom vent.,positive,4.4,-0.6908,0.021699970588088036,positive,negative,negative,True
2421,WiFi was bad spent four days there and got on WiFi 2 times . Water pressure was low. And no decaffeinated coffee. Coffee pot only makes 2 tiny cups of coffee anyway.,positive,4.0,-0.8402,0.01982737146317959,positive,negative,negative,True
2243,I usually not write reviews that often and especially don't give any bad review to ARIA at all since my husband totally loves ARIA. My husband and I always love to stay here and we come minimum 3 times a year but the last 2 stays of ours were very unsatisfactory and all due to unprofessional staff at Mlife. My... More,negative,1.0,0.146,0.5575799942016602,positive,negative,positive,True
587,Bad: Even though we asked to have the room cleaned they only folded the towels..had to ask for clean cups and coffee!. Good: No smoking hotel...love the beds!,positive,4.4,-0.1739,0.7263277769088745,positive,negative,positive,True
5172,Only issue for me was no microwave and fridge at most hotels I've stayed that's just standard,positive,4.0,-0.296,0.08440080285072327,positive,negative,negative,True
1432,Bad: Shaving Stuble in the sink and I tried to book a King and got a Double. Good: Location,positive,4.4,-0.1531,0.21992306411266327,positive,negative,negative,False
7721,Location. Difficult to find a bellhop to assist with luggage.,positive,4.0,-0.3612,0.04526198282837868,positive,negative,negative,False
7660,Free parking. That's the only positive experience here. Any more than 1 night would have canceled found different hotel. Hotel had a funky smell in lobby and room was musty smelling too. Good thing the air conditioner was good and loud it blocked the street noise. Stayed at few holiday Inn express and they've been decent. Not so much here and they charge more rooms at the big H.I. Overall impression...not impressed.,negative,1.0,0.9442,0.7528041005134583,positive,positive,positive,True
403,"Good: From the room, to the staff to the location.....this hotel has it all... and who doesnt like breakfast that is served until noon....i was a little worried at first, because i couldnt believe the deal we got for a hotel in SoBe....but everything was just PERFECT....",positive,5.0,-0.0302,0.9752369523048401,positive,negative,positive,False
9219,"The breakfast had only waffles, nothing else!",positive,4.0,0.0,0.4547974467277527,positive,negative,positive,False
6942,"We stayed at the San Ramon Marriott for 3 nights. As a frequent Marriott guest, I had access to the concierge lounge on the top floor, which featured free breakfast and snacks. The view from our room was one of the worst I have had, some electric generator type devices. It was too cold to go in the pool, but... More",positive,4.0,-0.0,0.05031830817461014,positive,negative,negative,False
6231,Paying full price while hotel is under construction is not acceptable...newly renovated room was mediocre at best...room only had one chair...no lounge chair ...previously provided when staying there...furniture was cheaply built and made...cleanliness of room was at best just acceptable...found things left behind by former guests...dirty floor...bed was comfortable however...breakfast was just OK...nothing to rave about and certainly not a selling point for me to stay there...staff was very friendly and informative however...would hesitate to stay there again...very disappointing for sure...,negative,2.0,0.8439,0.17440149188041687,positive,positive,negative,True
5178,My room was clean but everything was run down. The carpet was ripped and coming up near the door and the bedding looked like it came from the 70s. The only good thing was the new flat screen TV. My stay was ok but I would not stay there again the area isn't all that great and I did not feel safe going to my car.,negative,2.0,0.4939,0.11215668171644211,positive,positive,negative,True
1899,"I recently stayed at the Club Quarters while in Chicago for a family gathering. This hotel was a major disappointment for several reasons:1) They don't honor their commitments. I had reserved a room with a queen size bed through Expedia, but was given a room with two twin beds instead. The excuse: they ran out of bedspreads for queen size beds (how lame is that). 2) The elevator was unreliable. After checking in, myself and another guest were stuck on the first floor because of a malfunctioning card-reader in the elevator. The front desk staffperson fortunately was able to jiggle her card in a way that prompted the elevator to start moving. Not a good sign.3) The room reminded me of a depressing college dorm room. 4) The staff have no concept of customer service. On a prior visit, the staff were not willing to make any accomodations for a late checkout (even 15 minutes after the official checkout time - truly Kafkaesque). At checkout, no one has ever asked me whether I enjoyed my stay. Overall, the location is great, the rooms are clean and quiet, and all of the appliances work. But expect to be treated like a third-class citizen if you stay here.",negative,1.0,0.4102,0.06256445497274399,positive,positive,negative,True
4227,"We enjoy HGI, but found the beds to be very uncomfortable- first time that has ever happened at a HGI. The beds were so soft you sunk so low that you could barely roll over without climbing out of the hole you were in.",positive,4.0,-0.747,0.09264282137155533,positive,negative,negative,True
7042,"The hotel, totally remodeled since my last visitlast summer, looked much better than ever. The price was just right and I totally needed the rest after working so hard on my job,",positive,4.0,0.2579,0.9973323345184326,positive,negative,positive,False
5788,Decouverte de Washington avec des amis,positive,4.0,0.0,0.3879130780696869,positive,negative,positive,False
9061,"I have stayed at the Holiday Inn Twice! Both times we had problems with the rooms. The first time it was the room that was dirty (used condoms on the floor, found by my grandchildren) they did not come in to clean the room until 10:30pm.On July 3,2011 I also reserved 2 adjoining rooms. The outside of the Hotel was a mess. The plants and trees were all dead. The inside was being remolded and was okay. They workers kept it nice and clean. The girls at the front desk did not seem to know what they were doing! It took two of them to figure where we were supposed to stay and how to charge us. I ended up getting overcharged for the rooms and to make matters worse I was double charged. When I called them, I left a message for the someone to call me back. They said it would be in a half hour. Well one and a half hours later I had to call. They would not put me through to the manager. They even hung up on me. Mind you I was not that upset at that time. I just wwanted to get someone to take care of the problem without me having to tell 5 people. Give me the right one the first time. I finally got the desk manager and she wanted to call me back, I told her no I would not take that chance. She said she would look it up and call me back. Now I am waiting for her call. Wish me luck!Now mind you the hotel was being remodeled and that was fine. But the pool area was dirty! There were glasses on all of the tables and towels laying around. (actually we should pick up after ourselfs). the water was not clean and not clear. We did take our towels out of the rooms with us and took them back in. We asked the desk for clean ones and we got them right away brought to our room. It was 1:p.m. when we were in the pool. this Holiday Inn is the olny hotel close to my brothers house. But believe me next time will stay somewhere esle. I might have to drive further but maybe I will have a better stay!",negative,1.0,0.8754,0.1865130066871643,positive,positive,negative,True
3709,"Bad: Breakfast was not appetizing, eggs were very cold, toaster very old and didn't work very wellonly had one breakfast meat some people don't eat pork should always have two meats. Dining room very dated needs upgrades. Good: Rooms were excellent and very comfortable.",positive,4.6,0.7713,0.22717522084712982,positive,positive,negative,True
9871,"OK, when entering the room, the TV was on and the remote would not work, went to desk and clerk said o, maybe it was a ghost and gave me new batteries for the remote-but was someone in the room-OH NO! Got the 30 percent discount but the room was not as nice as I've been accustomed. That evening a... More",positive,4.0,-0.6046,0.039061445742845535,positive,negative,negative,True
9326,Slowest wifi and not a whole lot of TV channels,positive,4.0,0.0,0.020376289263367653,positive,negative,negative,True
3075,"We have always been extremely satisfied with the Holiday Inn Express hotels that we have stayed in in the past, especially the breakfast buffets, and that was why we again chose a Holiday Inn Express when we were passing through the Baltimore area. Were we ever wrong on this one!! The buffet was very limited, hardly any hot items and what was supposed to be hot was actually stone cold (i.e. the gravy for the biscuits). The biscuits were rock hard. The scrambled eggs were a very bad version of imitation. Seemed like the person running the buffet was using week old biscuits and figured the warming lamps would heat up the gravy so she did not have to. I have never had a worse breakfast anywhere. If you are planning on getting your fill at this buffet - forget it. We had to go out to breakfast after checking out just to keep from starving. We hadn't balked at the room fee because we assumed the buffet would be worth the extra money - Boy were we wrong!!",negative,2.0,-0.5279,0.44970184564590454,positive,negative,positive,True
9307,Shuttle drivers to and from FLL airport are dependable and professional. Very convenient and does not take long. Quoted reservation amount was less than actual charge and card was charged 3 times. Take with you breakfast was nice feature for early flight. McDonalds next door and shopping center a short walk.,positive,4.0,0.25,0.9957808256149292,positive,negative,positive,True
3258,"The Hotel was beautiful, staff very nice, and clean rooms. However, we got really lost going into the city and the front desk person was not from the area and could not help us at all with directions. The other was that we got a not request 6 a.m. wake up call that scared the two of us, we thought it was an emergency and bolted up across the room to find out it was a mistake.",positive,4.0,-0.2009,0.23738205432891846,positive,negative,negative,True
1053,Bad: Lighting in room. Good: Location staff,positive,4.6,-0.1531,0.16720519959926605,positive,negative,negative,False
5543,"Muy agradable, excelente atencion del senor SAM, conductor del SHUTTLE",positive,4.0,0.0,0.9747223854064941,positive,negative,positive,False
6141,"Beds not very comfortable, and the price was quite steep (even realizing it was Labor Day weekend and many Inns raise their rates) otherwise: very clean, well-appointed, convenient to many dining places and lake activities.",positive,5.0,0.0191,0.8218654990196228,positive,negative,positive,True
6614,"All the staff all looked unhappy, and miserable, I think the hotel is in dyer need of some TLC. Or serious attention. Quite lacking for its position and pricing. Waiting staff in the breakfast area were very helpful and attentive. Thank god the friendly staff next door at the Fontaineblur were there to save the days n nights!",negative,2.0,0.7955,0.31040236353874207,positive,positive,positive,False
2174,We had high hopes for the Aria - during our Christmas mini-getaway we chose it over several competing hotels due to its promise of a newer hotel with great service and amenities. We arrived at around 11:30 pm and were surprised to find a long winding line at the check in area. The line moved at an excruciatingly slow pace... More,negative,1.0,0.7351,0.9846991896629333,positive,positive,positive,False
8804,housekeeping can pay attention to detail. Nice rooms and remodeled,positive,4.0,0.34,0.9847965240478516,positive,negative,positive,False
7561,"Staff very friendly. For most part wall and TV muffled tantrum in next room, but not quite as well as I'd like. Treadmill was out of service when I went in, but other equipment was available. Staff responded well to reported issue. Road construction may have caused my neighborhood rating to be lower than it should.",positive,4.0,-0.5046,0.5596542358398438,positive,negative,positive,True
2422,The Aloft Cleveland is located at the beginning of the Flats area in downtown Cleveland. This Starwood propety is a trendy hotel with uniform rooms...all rooms look alike and offer the bare minimum in decor..a very comfortable bed..nice stall shower...not no comfy chairs or real decor....It's designed for a younger traveler who doesn't care for many creature comforts...don't look for... More,positive,4.0,-0.3179,0.9004537463188171,positive,negative,positive,True
551,Bad: Nown. Good: None,positive,4.15,-0.1531,0.193405419588089,positive,negative,negative,False
8569,"My husband and I stopped here on our road trip from SE Texas heading to Colorado. I did do a reservation several days earlier. After spending some time at the Capulin Volcano National Monument east of Raton, we arrived at the hotel at around 3:00. We were the first guests to arrive for the evening. Our room was 123 (non-smoking,... More",positive,4.0,-0.2263,0.9279046654701233,positive,negative,positive,False
5555,"Hotel is very nice, but I waited an hour at the metro station for the hotel shuttle bus. I called the hotel twice to ascertain the shuttle's whereabouts, but the shuttle's location remained a mystery. Perhaps it was someone's dinner break I would have walked, it isn't that far, but this was shortly after the big snow storm.",positive,4.0,0.2609,0.45896482467651367,positive,negative,positive,True
2818,"This is an older facility and there are little things in the rooms that need to be handled carefully, such a towel bars and electrical outlets. That said, the location just north of Los Angeles on i-5 makes it very convenient. The layout of the buildings make for a quiet rest. The breakfast room was large enough and offered a... More",positive,4.0,0.128,0.98780757188797,positive,negative,positive,False
5394,The side door was broken and stuck open-not safe by my standards. There was plastic food storage under my bed skirt. My room was comfortable and a great breakfast started at 4am which helps for early flights.,negative,2.0,0.8316,0.7111790180206299,positive,positive,positive,True
1477,"We stay at this hotel every year same time for an event at Angel Stadium the 1st weekend in Jan.We never have issues but when it rains it pours with this group...We checked in and they lost our reservation because I had called on a re-rate. They changed the name on the reservation, they changed it from a one bed to a studio and raised the rate from 109 to 129 We booked in Oct but 1st of Nov they put up a disclaimer that the hotel is under remodel...but the disclaimer was not on the webpage when we booked. Remodel is an understatement its a train wreck. There was 4 or 6 couches piled up in front of a cargo bin just sitting there with some other ragged furniture and lamps in part of the parking lot.Our 1st room was nice but getting to the room was a mess, floorboards missing, walls messed up, the door wide open to the electronics closet which cant be seen by the front desk so anyone could walk in and create havoc. I am sure there is credit card info in those backup etc.It was late about 10:30 and we rented a PPV and then we hear something in the kitchen area and its a rat that runs behind the stove and now is stuck and screaming. So we go down to the front desk and then send a guy up to try and catch the rat. He cant catch it so they tell us we need to move to the other building.We do and its a bigger mess then the 1st building. There is black goop all over the floor in leading to the elevator and then in the elevator too, the 2nd building is old,smells and needs remodel bad. The new room is 2 bedroom but its hit and miss, way to much furniture, kitchen is dated, microwave falling down, dusty and dirty and about a 3 gap under the front door so someone could look in if they wanted.When we tell them the room will not work they offer to move us back to the 1st building but to the room a joining the room with the ratIt was just a trip hotel from hell which is really sad because its normally an ok hotel. We book next time at Hilton.Was really disappointed that management didn't reach out to us in till we contacted them.John Dominguez Assistant GM useless!Thank you for rating us on trip advisor as we are always looking to improve our hotel and do well by all of our guests. As most business professionals I was not available during the weekend while you were here at the property: however, we always have a manager on duty.As we are currently undergoing renovations, we have the challenge of insuring that our hotel continues to operate with minimal disruption to our guests. We understand that finding a mouse in your room can be an unnerving situation and tried to put you at ease for the duration of your stay. My staff did need to relocate you to another room so that we could have an external company resolve the issue which has now been rectified and make sure that you had a comfortable and pest free stay.Im happy to see that my staff offered you an upgraded newly renovated accessibility suite that did not have any adjoining wall or door to the previous room. We are sorry that you declined it. My understanding is the manager also offered to purchase a shower chair as the remaining 16 accessible rooms were fully committed. The Suite that you were relocated to was an upgraded suite as an additional apology for the issue that occurred. In my email to you on Monday after you had departed I explained that the renovation construction team working in the building you had relocated to did in fact make scuff marks on the floor from the tires of the dolly's that they were using to move the larger furniture out of the rooms to make way for the new furniture that we were receiving. As we placed you in an un-renovated suite for the final part of your stay, I can understand why you would feel it was out dated as the renovation is to give us a more modern and updated look and this suite had not been completed as of yet. As per Marriott standard the renovation information was available to all guests as of the beginning of October prior to when your reservation was made. Jeanette the Manager on duty removed your charges for the first night due to the mouse incident, while isolated, is unacceptable. We sincerely apologize as no guest should ever experience that. As you have stated, you have stayed with us numerous times and have never had any issues.The room you noticed with the door opened was awaiting a new air conditioning unit, there is nothing in this room that would present a security issue for our guests. We will also be purchasing some extra assistance chairs to accommodate past our eighteen accessibility rooms. again our apologies that your stay was less than perfect. We hope that you will give us another opportunity to welcome you again during the annual super cross event at Angel Stadium.",negative,1.0,0.7524,0.04701460897922516,positive,positive,negative,True
3279,"Check in was quick. Room was clean. About 11pm we called to the front desk for a blanket. 15 minutes later, still not there. We called back to the front desk, to inquire as to the blankets location. We were then told they did not have available staff to bring it up. I went to the front desk to retrieve it. Surprise, 2 people at the desk. The next morning I called for some towels. 20 minutes later, called again. Another 20 minutes, we were sharing towels. They never showed. One of the adults in our party found bed bugs! I went down to the front desk and asked for a manager. He did not want to come out of his room, stating he didn't get back to his room until very late. After some insistance, he showed up. His answer was to give me a 10 gift card to Target. I like most of the Garden Inns we have stayed at. This one will never see me again.",negative,2.0,0.9296,0.08742449432611465,positive,positive,negative,True
9401,"We checked in at 6 pm, 3 hours after check in time of 3pm. Our room wasn't ready and housekeeping staff could be seen standing outside smoking. Granted I was given a 15 discount however, I would have happily paid another 50 per night to not be in that neighborhood. Employees smoking at the door to the lobby, the smell of weed in the hallway, a fight in the parking lot, literally people walking in off the street for the continental breakfast and asking us to use our cell phones, our room was 54 degrees upon entering.... I could go on and on, but won't. Needless to say I would never stay at this hotel or recommend it to anyone. Our friends chose this hotel because it was pet friendly. And they would hang out in our room because theirs reeked. Regardless of how much Lysol of ours they used, it smelled. On a scale of 1-10 it was a 1.",negative,1.0,0.8479,0.04000983387231827,positive,positive,negative,True
2068,"Due to a computer glitch with the booking agent, the staff could not find our booking in the hotel's system. The staff was quick to accommodate and gave us a room (upgrade with no charge). The breakfast was good: multi-grain bagels, waffle etc. Location is just across the trailhead of the courthouse butte. We can park at the hotel and... More",positive,4.0,0.1779,0.9406124949455261,positive,negative,positive,True
3780,Bad: No accessible HDMI port on TV. Good: Convenient airport access.,positive,4.15,-0.4215,0.23601318895816803,positive,negative,negative,True
8987,"I stayed here as part of my job as a professional pilot. Having gotten an emergency call to take some people to a very small town in Virginia so they could repair a piece of their customer's equipment, I had only a very short amount of time to research options and this was the requested airport in which to fly.... More",negative,2.0,-0.3818,0.7175253629684448,positive,negative,positive,False
7291,"We were initially going to break our drive up into two days, but felt OK after 6 hours of driving , so we continued. En route, we called our hotel (we had reservations over 2 months) asked if we would be able to check-in a day early, and we did so with no problem. We opted not to use... More",positive,5.0,-0.5046,0.9758440256118774,positive,negative,positive,True
4806,We are DVC members for the past 3 years and have had great experiences before this trip in late November. We had almost 500 taken from our room during our one cleaning experience. We were not aware that the room was being cleaned on day 3 of our 9 day stay. We had our money out in plain view in... More,negative,1.0,0.6249,0.9832121729850769,positive,positive,positive,True
9199,"Room was huge, continental breakfast in the morning, good location close to airport, friendly staff - everything great, except the bed bugs. Unfortunately, that's a deal breaker - woke up with about 30 bites on hands, legs neck. Hopefully you won't get the same room. If the bugs were gone, my quality value ratings would be high!",negative,1.0,0.9381,0.5498439073562622,positive,positive,positive,True
5557,Rozsadny Hotel za bardzo dobra cene.,positive,4.0,0.0,0.45063531398773193,positive,negative,positive,False
2563,"I travel extensively and normally visit at least three states per month for work. Hilton family hotels are my preference when I travel and I have stayed at a lot of them. While not the fanciest hotel in their portfolio (that would probably be the Waldorf Rome Cavalieri where we stayed two years ago), the Hampton Inn and Suites in... More",positive,5.0,0.0,0.9578551650047302,positive,negative,positive,True
1553,The Chelsea itself seemed very nice even thought I didn't stay in a room there. As you walk through the Chelsea and into the Annex you get a totally different feel. It goes from semi-upscale to the creepy part of the hotel in American Horror Story. The beat up squeaky elevators to dimly lit hallways and the sketchy bright red lights on every floor it screamed AHS. On the positive side the price was great for a Friday night and it was just a really short walk to the Trop. Next time I would pay the few extra dollars and stay at the regular Chelsea not the Annex.,negative,2.0,0.807,0.97847980260849,positive,positive,positive,True
3276,"I stay in HGI all the time and usually it is reliably clean with very pleasant staff. Our room was fairly worn and not someplace you would want to walk barefoot. More than that, the staff weren't super helpful - stingy on the tiny shampoo bottles when I asked for more (I was traveling with 3 daughters with a lot of hair), refused to let us have breakfast even though we arrived before 10am (granted it was 9:55am but the full buffet was still sitting there). To top it off, the pool is only open at night on weekdays even though it was a holiday weekend Monday.",negative,2.0,0.6907,0.1873859465122223,positive,positive,negative,True
5364,Park and Fly service available,positive,5.0,0.0,0.9589225053787231,positive,negative,positive,False
3149,The property is nice and well located. The water cooler in the fitness center was unplugged and presumably inoperative indicating a lack of attention to detail. The TV does not give access to Root channel which carries the local sports teams currently the Astros. When I asked about this I was told I could come to the lobby and watch... More,positive,4.0,0.5859,0.2559713125228882,positive,positive,negative,True
1934,"1. I did not like the experience of dealing with the Expedia person who assisted with the reservation. 2. It was annoying to learn only while checking out that this is a time share hotel. No one told me. 3. The WIFI was slow, and unreliable, cutting out from time to time. Also, when it tried to upgrade to the offered higher speed WIFI, it was quite an ordeal that took about 90 minutes and a call to the help line at your WIFI vendor. BTW, you might try the user interface for that sign up - it exasperatingly erases all one's data entries if a single one of them is incorrect (eg if you generate an unacceptable password) 4. The Business Center has two PCs that are excruciatingly slow, and a printer as well that lumbers along. Old, slow, out of date. 5. The single bright light in this business experience is that the staff were unfailingly polite and did their best to help. I give them credit for trying, and for being nice to me.",negative,2.0,0.7776,0.16164752840995789,positive,positive,negative,True
5966,Road work made entry and departure a challenge. Not in the hotel's control.,positive,4.0,0.0772,0.07565715909004211,positive,negative,negative,True
4498,Brief stay but Hotel was very accommodating.,positive,4.0,0.0,0.995759904384613,positive,negative,positive,False
7715,Sehr schnes Hotel in romantischem Sdstaatenflair. Ausgezeichnetes Preis-Leistungsverhltnis. Sehr zentrale Lage. Alles problemlos zu Fuss erreichbar.,positive,5.0,0.0,0.2651151716709137,positive,negative,negative,False
7840,The hotel was nice. Beds were very comfy! Elevators wre fast. My only negative would be the smoke in the casino was pretty bad. And there was not a no smoking area which I found odd.,positive,4.0,-0.4412,0.6628305912017822,positive,negative,positive,True
9947,"The lobby is nicer than a Motel 6 but everything else is Motel 6, well, except the price... Motel 6 costs about 1/4th of the price of the Courtyard Marriott. This Courtyard even has the standard motel polyester comforters (white but still polyester). The staff were nice. I enjoyed my stay at the Courtyard but was expecting more than the... More",negative,2.0,0.9393,0.9961044788360596,positive,positive,positive,False
8467,"Staff was pleasant. Breakfast was a little better than average. They had waffles, eggs,sausage, fruit and the usual pastries. Our room was old, smelled of cigarette smoke. Water damage, loose fixtures in the bathroom. Was supposed to stay 4 nights but found better accommodations after 2.",negative,2.0,0.5594,0.8822389245033264,positive,positive,positive,False
9560,our motel that we booked for the week made a mistake and could not give us the room. We went to lamplight motel and they helped us out .if it wasn't for lamplight we would have to go home.Nice rooms and staff .thank you again,positive,5.0,0.0258,0.8825449347496033,positive,negative,positive,True
2451,Call to get their websiter Get new rooms and low rates toor 10 off for veterans and students,positive,5.0,-0.2732,0.8217878937721252,positive,negative,positive,False
6473,"I will never stay at a Choice property again after last night at the Comfort Suites in Knoxville, Cambbell Station Road. After attending Homecoming at UT, I am class of 1985, with my husband and 17 year old daughter and her friend, we went to dinner and, being tired from an early am departure from Nashville, headed to our hotel... More",negative,1.0,0.4215,0.07495664060115814,positive,positive,negative,True
8271,"I can't find any fault with our stay. Well, maybe the entrance is not well identified and, on two occasions, the card-key to the room failed.",positive,5.0,-0.1916,0.02713799476623535,positive,negative,negative,True
5252,There was constant noise through out the night from noisey doors to guests talking loud. Sort of feels tile an apartment community. Certainly not my type of place for a good night rest.,negative,2.0,0.6486,0.017210662364959717,positive,positive,negative,True
6461,"Econolodge it is. It was cheap in price, and accommodations as well. Rooms looks just like what the name implies an old roadside motor lodge. The room size is very small, and our king size bed had what looked to be a queen size blanket on it. I will say that the bathroom was clean, although the size of a... More",negative,2.0,0.743,0.9771610498428345,positive,positive,positive,False
1558,The stay overall was great but the only downfall was the WIFI connection was terrible.,positive,4.0,-0.3818,0.2644357681274414,positive,negative,negative,False
9660,"I booked this room by Hotwire.com and thought I was going to have a TERRIBLE experence because of how much I paid. HOW WRONG I WAS! The check-in process was seemless, the lobby was extremely clean, and the employees were all plesent and helpful. The rooms are large and clean. To top it all off they provide a continental breakfast!... More",positive,5.0,0.3826,0.7294473052024841,positive,negative,positive,False
139,Nothing Very friendly staff and very helpful,positive,4.8,0.0639,0.9951863884925842,positive,negative,positive,False
6544,It was okay bed bed was soft pillows were hard the toilet seat was small. The interior was 1950s era and in dis repair. Has no services no Wifi or breakfast served. Super 8 in Peru is much better at least they give you something to eat in the morning. If you need a cheap place to stay this place... More,negative,2.0,0.5994,0.8783959150314331,positive,positive,positive,True
4226,"The staff there were really good and the rooms comfortable. Hotel looks tired and its location good It was not too far from all things considered the likes of San Francisco, Napa Valley just to name a few",negative,2.0,0.862,0.9979395270347595,positive,positive,positive,True
6646,"Last-minute online reservation and it was perfect. Front desk staff gave us a discount after finding out we were military. We asked about breakfast time since our flight was early (7am) and we were informed it started at 6am, but we could just ask morning staff and they could get us something to eat (more later). Also, less than 5... More",positive,5.0,0.3291,0.9931578040122986,positive,negative,positive,False
6710,"Hotel pulito e comodo, secondo gli standard della catena di cui fa parte, camere ampie e con tutti i servizi. Colazione inclusa, non di eccelsa qualit, ma comunque comoda poich non ci sono bar o locali nelle vicinanze tranne qualche fast food. Puttosto fuori dal centro storico pertanto consigliabile solo a chi dispone di un'auto propria o a noleggio.",positive,4.0,0.0,0.4601292610168457,positive,negative,positive,False
7970,"We picked our daughter up from a 6 week music camp in the Catskills and decided to drive to Ithaca, Syracuse, Niagra Falls and Toronto afterwards. We usually stay in a Starwood hotel however there were none around so we choose the Hilton Garden Inn in downtown Ithaca because it was close to both Cornell and Ithaca College and easy... More",positive,5.0,0.0,0.9890901446342468,positive,negative,positive,False
6406,"A special shout out to the hotel staff... From the front desk to housekeepers, I have never experienced such a friendly staff",positive,5.0,0.0186,0.9921361207962036,positive,negative,positive,True
4944,I loved it but i think the parking is to high.,positive,5.0,0.3506,0.8753541111946106,positive,negative,positive,False
2675,"I visited my old neighborhood for a few days. The clerk recognized me from a previous stay when I checked in. Hotel personnel called a cab twice, with a rapid response. The computer in the business center wasn't working, so they printed my boarding pass at the front desk.",positive,5.0,0.0,0.38485974073410034,positive,negative,positive,True
3388,"Travelled with family of 4 (children 9 5). Stayed in a 2 bedroom apartment with partial ocean view. The apartments are very spacious and well appointed. After seeing other reviews on this web site regarding privately owned apartments, I actually rented our apartment through a separate web site to the resort itself. This web site has numerous privately owned... More",positive,5.0,0.3321,0.9912166595458984,positive,negative,positive,False
6084,"Our priority hotel is Hampton because it has been in the past clean and the bedding is claimed to be laundered after each guest. The Hampton in Lake Mary , Florida was not up to standard. The bathroom floor was filthy.",negative,2.0,0.4019,0.061030272394418716,positive,positive,negative,True
6679,Everything was fine for a per-cruise hotel. There were a couple of places nearby to eat (Miller's Ale house I believe) and the hotel I think arranges for transport to the cruise ships. They do have pick up from the airport but for us it was a 45 minute wait and they are only 10 - 15 minutes away. When... More,positive,4.0,0.1027,0.9924643039703369,positive,negative,positive,False
3332,"I stayed here for one night. I was not able to check in right at 3 pm so I had to leave and come back. The young lady at the front desk was pleasant enough. The room was decent, although the bath towels smelled like cigarette smoke. I did see the cleaning staff outside the rooms with their carts smoking cigarettes. At times some of the guest were a bit loud and you could here them, but it didn't bother me enough to complain. The location was good for where I needed to go. Ok place to stay for a night OR 2 but I wouldnt do more than that.",negative,2.0,0.8235,0.7991202473640442,positive,positive,positive,True
2354,Bad: Outside the center and hard to reach without car! Internet usage requires registration with many personal details. Good: Good offer for the price!,positive,4.15,0.3786,0.303956001996994,positive,negative,positive,True
3241,Better maid service,negative,2.0,0.4404,0.6046012043952942,positive,positive,positive,False
1199,"I have stayed in some hotels in my time, but this was bad. If you want to experience an awful nights sleep, nasty ignorant staff, then this is for you. Southern hospitality it is not. I was not impressed with the layout of the room and the noise next door was horrendous.Thank you for taking time out of your day to share your comments about your recent stay with me. Please accept my sincere apologies for the difficulties and situations you encountered during your visit, I would like to find out a little bit more about the interaction with the staff so i can address approporately. Rest assured we will address each item with our team for immediate correction. It was disheartening that your first visit with us was disappointing.I truly would love to have the opportunity to have you back as our guest and show you our true service standards. Would you be willing to visit us again Please contact me directly at Dixie.Kraussaloftneworleansdowntown.com to discuss.",negative,1.0,0.9616,0.11410748213529587,positive,positive,negative,True
545,Bad: No casino. Good: All of it,positive,4.6,-0.4215,0.31798285245895386,positive,negative,positive,True
7991,"The motel is being redone, so it was a little messy. My room was all new, and the mattress was wonderful! I have a bad back and knees but after the second night I walked out carrying my cane! I need to know what kind of mattress you are using. If you weren't so far away I would just move... More",positive,5.0,-0.2703,0.8951574563980103,positive,negative,positive,True
9011,When I first arrived at this motel I did not realize what I was getting my self into the first night was ok no major problems no more than to be expected from a motel right next to a bar. Although after the time I had to live there 2 months I found out that the sewer backs up into... More,negative,1.0,-0.6249,0.35233619809150696,positive,negative,positive,True
5451,Wanted to stay an extra night saw cheaper price online. Operated I called from room at front desk was not overly helpful in making sure I got the best price so we checked out instead,positive,4.0,0.6331,0.11566644161939621,positive,positive,negative,True
672,Bad: Place.,positive,4.15,-0.5423,0.031453851610422134,positive,negative,negative,False
8137,"It's all about the budget! Sleep, shower and get out ! I don't have the heart to complain about all the amenities this place dose not have so I'll say instead that this property has had yet another refurbishing and a very good one. I appreciate that.",negative,2.0,0.6417,0.9638014435768127,positive,positive,positive,True
1094,"The Central Loop Hotel was in a super convenient location for walking to the Art Institute, restaurants, and shopping on State Street. I arrived by train, and it was just a couple of blocks walk to the hotel. The manager and front desk staff were very helpful and nice. The room was pretty basic, but clean and neat. Felt safe and secure. The only downside was the hotel practice of placing a deposit on my credit card for any incidental charges. I really don't like that practice. I noticed that I was not the only one, another hotel guest was complaining about it at the front counter while I was there. My hotel charges were paid in advance as a birthday gift from a family member, so I thought I was all taken care of, and then found out that I had to give them my credit card just in case there were any charges in addition. Of course there weren't any additional charges when I checked out. I just don't like having to do something like this.",positive,5.0,0.9335,0.1566336452960968,positive,positive,negative,True
2807,"Rafael (manager) likes to look into peoples windows even with the blinds closed to see what you are up to while you are in your room. I appreciated the safety of his intentions but, I don't believe I ever signed up for that part of him being a manager. Joseph (male maid) likes to go into peoples rooms while they... More",negative,1.0,0.8248,0.2902878522872925,positive,positive,negative,True
4453,"Our single bed unit was updated and nice quality. Good TV, sofa, chair with ottoman. Two bar stools at a nice granite counter top. First day we received a phone call from maintenance that our tub has a leak and we would need to change units. Not happy but what can you do Doug went out of his way to... More",positive,5.0,0.3508,0.44281381368637085,positive,negative,positive,True
4068,The hotel was nice for the price the hot breakfast could have been better the food tasted like it was all made in the microwave. Which ot probably was it is just that scrambled eggs made in the microwave do not taste very good.,positive,4.0,0.6785,0.15754663944244385,positive,positive,negative,True
6745,I booked a stay at Savanna Inn Suites for a one nigh stay online with Trip Advisor that directed me to Expedia.com at which time I booked a room and got a printed conformation. I arrived at the Inn and show them my conformation letter at which time they said that they had no reservation for me. They check... More,positive,5.0,-0.296,0.2864386737346649,positive,negative,negative,True
3475,"Overall the hotel is ok, except we had to ride for about 30-45 mins to find a decent resturant because the one that was located at the hotel was closed due to a family reunion. Because of the convienence of the resturant was part of the reason why i stayed and once we got there and they said that someone had reserved it we were very disappointed.",positive,5.0,-0.2944,0.10126213729381561,positive,negative,negative,False
9686,"Nice kitchen full size ref and ice maker, I'll be back. Only draw back is once you pull out of property to main street you must turn right and go down and make U-turn or cut through another property to head toward DW",positive,5.0,0.1779,0.9872404932975769,positive,negative,positive,False
6041,"clean... beds were very comfortable... pillows.. i wanted to take them all home! the only real complaint i had was this. noise and smoke... this was a no smoking hotel, and the 3 rooms before us were packed with animals or uncivilized persons.. call it whatever you want. They were smoking and couldnt give a rats behind after i asked... More",positive,4.0,-0.5255,0.3707481026649475,positive,negative,positive,True
6430,"Overall great, clean, only one front desk agent was professional and that was Kristin. The others not helpful, the general Manger not professional, or caring. Does not understand how to do her job very rude to me and my fiance.",positive,4.0,-0.1162,0.04147814214229584,positive,negative,negative,True
9682,"Intially, I thought this would be a great place to stay. The Customer Sevice and facility was clean. However, the rooms are extra small and not much room to move around. There is no refrigerator or microwave. Everything is cramped in the room. The TV was a LG but the remote control barely worked. Also, we did have towels but... More",negative,2.0,0.4215,0.4870540499687195,positive,positive,positive,True
7876,I am extremely picky about cleanliness and beds and linens in hotels and I can say that this place has very high standards. The sheets on my bed must have been brand new. Pillows were thick and fluffy. The towels in the bathroom were thick and soft. Even the coffee maker and fridge in the kitchenette looked straight out of... More,positive,5.0,0.2263,0.3929349184036255,positive,negative,positive,False
3096,"Room was not ready on time, but perfectly fine for the cost",negative,2.0,0.8149,0.6886220574378967,positive,positive,positive,True
9273,"Arriving at this hotel we had an open mind, this surely changed within the next hour of our stay. We checked in at roughly 10 PM, this process took a drooling 15 minutes at least. The two staff members had a hard time finding my reservation that was booked 3 days before through Hotels.com. We finally received our key, drove... More",negative,1.0,0.4543,0.6517627835273743,positive,positive,positive,False
9576,2 night stay for business/recreation trip. Had a small problem with security in the parking lot but it was handled expertly.,positive,4.0,-0.0387,0.8451118469238281,positive,negative,positive,False
6132,"Nothing spectacular. Good hotel. Kinda in the middle of stateline and actual SLT so walking seems kinda a pain. I thought they had redone the pool building entirely, but it was just a new facade. The rooms look bad, the best was uncomfortable, the wifi was inconvenient, the outlets only half worked.",positive,4.0,-0.7996,0.0502949059009552,positive,negative,negative,False
9386,"I understand these cabins are 75 years old so I didn't expect to walk into a 5 star facility but I did expect it to be clean, even somewhat clean would have been nice. The shower had not been cleaned AT ALL, the commode was not flushed, one bed had hair in it, the other bed had dirt in it,... More",negative,1.0,0.8271,0.09655752778053284,positive,positive,negative,True
5800,"Der har ikke vret noget at klage over. Virginian Suites har indeholdtog budt p de tjenesteydelser, vi selv har fordret. Derfor har vi vret srdeles godt tilfreds. Derfor faldt valget ogs p Virginian Suites, da vi p tilbagevejen p vores rejse skulle finde logi for de sidste 2 dage.",positive,5.0,0.0,0.34603556990623474,positive,negative,positive,False
5590,"Es un buen hotel. Ubicado muy cerca del metro y con servicio de transporte a la estacion gratis cada 30 minutos. El personal muy amable, en especial DANNY Y SAN, quienes son la salvacion de los que solo hablamos espanol. Las habitaciones muy buenas, aunque no lujosas, pero si por encima de las basicas de otros hoteles. al centro son 10 estaciones, no hay pierde pues es la ultima parada de una linea corta. aprox. 40 minutos. el desayuno bueno. En general volveria sin pensarlo y lo recomiendo. No te hacen ningun cargo extra.Si llegas despues de las 10:30 puedes tomar taxi muy facilmente, siempre hay 10 o 20 afuera y te cobran aprox. 10 dolares. A diferencia de otros hoteles un poco mas lujosos se caracterizan por ser muy amables y comprensivos. al frente hay toda clase de restaurantes, supermercados y algunos comercios",positive,4.0,-0.8402,0.5175939202308655,positive,negative,positive,True
3618,Bad: key didn't work. Good: helpfulness of staff,positive,4.15,-0.808,0.15594959259033203,positive,negative,negative,True
1276,"Really I know 3 stars on Priceline can be dicey, but really Really We got a quad. Four 5 1/2 foot long bunk beds. Numbered one to four. With a stack of folded sheets. And a 2 by 2 shower. Really How did this get on Priceline in the first place And how did it get any stars I am only writing this now because it is 1:30 in the morning and my dorm was like a library compared to this place. Decades ago. How did this get on Priceline I have stayed at more than 40 hotels in Chicago on Priceline over the years, but this is the first time I have stayed in a hostel. A hostile. Really I wish zero stars was a choice, but that would be too many. I know all the hipster comments I will get on this, but please, keep them to yourself.Hello Steve P, Thank you for staying with us and for taking the time to review your stay. I so sorry that your stay was disappointing due to the room layout not being as expected for our star rating. We are reviewing your reservation with our booking partners to ensure that no other guest encounters a similar issue. Please feel free to let our front desk know during any future stays if we can do anything to make your stay more enjoyable. I hope we can see you back again very soon for what I am sure will be a better experience.",negative,1.0,0.9817,0.28211283683776855,positive,positive,negative,True
6987,Rats running around the parking lot. My husband and I saw FIVE rats running around the parking lot and one jumped out a trash can. I don't do rats I am always been afriad of rats and I wasnt expacting that. I didn't feel comfortable staying there. Management was'nt helpful at all. I was there for my son's graduation from the Navy he had completed boot camp. So this was an important visit. We had to find another hotel at night and I had to pay more money.No one was helpful to us at all.,negative,1.0,0.5103,0.009901359677314758,positive,positive,negative,True
4430,"Great service, awesome breakfast Poor, old building, elevator was not working for a 5 floor building!!!!",negative,2.0,0.8057,0.7247241139411926,positive,positive,positive,True
975,"Stayed a few days while on business, big mistake. I don't want an experience from my Hotel - I want value for my money. No Closet, No dressers, No coffee maker, No Frig, No Microwave, No Bathtub, No Iron, No ice machines, No room service, No Workspace and of course no free breakfast. They give you a poker chip for one free coffee or drink. It is geared towards those who don't need any of these amenities and want to hang out in a noisy bar environment for your computer work. They give you a small tray table about 15x15 inches to work on in your room, that doesn't cut it for me. I get the revenue play with putting more rooms in a much small piece of real estate but for the nightly cost, a business traveler can find much nicer hotels in Chicago. I would suggest an improvement would be to have a fold up table on the wall and a chair at least. Traveler beware if your are on business (especially a women) this is most likely not the place for you - unless you just want tacos and the free lollypop from room service. I think the Do Not Disturb sign with the young guy in his under ware hugging a teddy bear says it all.",negative,2.0,0.9284,0.09092265367507935,positive,positive,negative,True
936,"Bad: Nothing. Good: Location, size of room, cocktail lounge from 5 pm to 8 pm, size of bathroom",positive,5.0,-0.7101,0.3637044429779053,positive,negative,positive,False
236,"Bad: wifi is chargeable. Good: location, casino was cheap, food is just in the hotel (buffet, donuts, etc)",positive,4.6,-0.1531,0.7696483135223389,positive,negative,positive,False
9999,"Filthy, outdated, noisy neighbours, but this was not the worst. We were nearly eaten by the bed bugs, more agressive than Denali bears. I would not reccomend this hole even to my worst enemy. Next day we needed medical help.",negative,1.0,0.8091,0.0045119766145944595,positive,positive,negative,True
3961,"Embassy Suites as a chain is great. Who else offers the manager special and great breakfast buffet that, to us, is the hallmark of their hotel. However, I was disappointed with the service in Linthicum, MD during our stay. I did not feel the front desk was friendly or had smiles. I hate dealing with customer service that you feel you are inconveniencing. If you have kids that stay with you on the fold-out couch, they never have extra bedding in the room, if you want to make up the bed. We asked the front desk for the extra bedding. It wasn't provided. We called housekeeping. No answer. We called the desk, and eventually housekeeping brought up extra towels. Eventually, housekeeping brought up some bedding with a repeat call to the desk. The next morning their was no receipt on the floor by your door like most hotels. Because we didn't just wanted to go in the morning, after our yummy breakfast (during which mindful busboys kept our table clear of extra, now emptied dishes), we just wanted to pack up and leave without stopping by the desk. This was probably a big mistake, because I found out the next weekend, that the Linthicum charged us for the room on top of what I already paid hotels.com. That was incredibly annoying. What if never had checked my account. Could this have happened at another time, at one of their other locations Thankfully, a call to the polite desk supervisor took care of it for us. We're supposed to get a credit in a few days.",positive,4.0,0.9555,0.03879077732563019,positive,positive,negative,True
443,Bad: The room is very small. The footstep sound from other room can be heard. The wifi is too weak. Good: What I really like is the location and decorations. It only takes 5 minutes to beach.,positive,4.15,-0.1796,0.6934022307395935,positive,negative,positive,False
3062,"Went down for a Giants game and wanted a place to stay within walking distance of ATT Park. I have back problems so I was looking for a short and safe walk. The last time we went down for a game we stayed the Hyatt Regency on the Embarcadero . Just as a side note, we had a fine stay... More",positive,5.0,0.25,0.7864581346511841,positive,negative,positive,False
6069,"The staff, from the General Manager Kyle Highberg, to the valets (Monty), front desk staff (Ashley and Amanda) to the Sales Director (Rebecca Munn), not only provided excellent service and accommodations for our entire extended family, they saved our daughter's wedding reception. At the last minute, the temp agency waitresses that were arranged for months earlier to serve at the... More",positive,5.0,-0.0511,0.997473418712616,positive,negative,positive,True
361,Bad: Tempeture control. Fan was not automatic. Had to manually turn off and on. not a deal breaker. Good: Location and staff. Staff was very friendly and helpfull. We arrived a few hours before check in and they held our luggage while we explored the area. Lots of shopping an dinner choices close by. T was 2 minutes away. Room was nice.,positive,4.15,0.3993,0.8104472756385803,positive,negative,positive,True
2769,"This property definitely needs renovation. Dirty floors, minimal cable TV, no amenities other than free WiFi (worked fine) and free parking. Everything has been used well (which is not a positive statement). Dirt in corners of room and windows.",negative,2.0,0.661,0.24536608159542084,positive,positive,negative,True
7112,This is a nice family owned hotel. It is well appointed but not luxury. The service was exceptional. They could teach a course in hotel service. The staff introduced themselves and remembered our name.,positive,5.0,0.3506,0.995460569858551,positive,negative,positive,True
5758,"This hotel is tucked away in a quiet neighborhood. It is convenient, affordable, and the rooms are spacious.",positive,5.0,0.0,0.9987146854400635,positive,negative,positive,False
7869,"Hotel in it self are ok, a little warn down, but lacks parking spaces. It was completely full when I arrived at 21:15.",positive,4.0,0.1397,0.8837684988975525,positive,negative,positive,False
7436,Frightening. The only good thing about the hotel was the free parking and convenience to the French Quarter. High price for what they provided. Below par for even a budget hotel.,negative,1.0,0.4588,0.9856753945350647,positive,positive,positive,False
